{"cameraMode":{"drawMode":0,"name":"Shaded","section":"Shading Mode"},"sceneLighting":true,"audioPlay":false,"sceneViewState":{"showFog":true,"showMaterialUpdate":false,"showSkybox":true,"showFlares":true,"showImageEffects":true,"showParticleSystems":true},"in2DMode":false,"pivot":{"x":-13.74599838256836,"y":2.000220775604248,"z":1.634836196899414},"rotation":{"x":0.18538904190063477,"y":0.3797474205493927,"z":-0.07797297835350037,"w":0.9029634594917297},"size":19.50008201599121,"orthographic":true}