{"cameraMode":{"drawMode":0,"name":"Shaded","section":"Shading Mode"},"sceneLighting":true,"audioPlay":false,"sceneViewState":{"showFog":true,"showMaterialUpdate":false,"showSkybox":true,"showFlares":true,"showImageEffects":true,"showParticleSystems":true},"in2DMode":false,"pivot":{"x":-13.97842025756836,"y":-1.233177661895752,"z":1.266672134399414},"rotation":{"x":0.22705446183681489,"y":-0.2474501132965088,"z":0.059763602912425998,"w":0.940022885799408},"size":14.048605918884278,"orthographic":true}