{"cameraMode":{"drawMode":0,"name":"Shaded","section":"Shading Mode"},"sceneLighting":true,"audioPlay":false,"sceneViewState":{"showFog":true,"showMaterialUpdate":false,"showSkybox":true,"showFlares":true,"showImageEffects":true,"showParticleSystems":true},"in2DMode":false,"pivot":{"x":-2.062180995941162,"y":5.150627136230469,"z":11.304092407226563},"rotation":{"x":-0.508919894695282,"y":0.08730994164943695,"z":-0.051905907690525058,"w":-0.8548002243041992},"size":28.9830322265625,"orthographic":false}