{"cameraMode":{"drawMode":0,"name":"Shaded","section":"Shading Mode"},"sceneLighting":true,"audioPlay":false,"sceneViewState":{"showFog":true,"showMaterialUpdate":false,"showSkybox":true,"showFlares":true,"showImageEffects":true,"showParticleSystems":true},"in2DMode":false,"pivot":{"x":-4.920989990234375,"y":2.76171875,"z":0.50732421875},"rotation":{"x":-0.3410179018974304,"y":0.0019925921224057676,"z":-0.0007271072827279568,"w":-0.9400543570518494},"size":18.810449600219728,"orthographic":true}