{"cameraMode":{"drawMode":0,"name":"Shaded","section":"Shading Mode"},"sceneLighting":true,"audioPlay":false,"sceneViewState":{"showFog":true,"showMaterialUpdate":false,"showSkybox":true,"showFlares":true,"showImageEffects":true,"showParticleSystems":true},"in2DMode":false,"pivot":{"x":-13.74599838256836,"y":2.000220775604248,"z":1.634836196899414},"rotation":{"x":0.13994601368904115,"y":0.3913240134716034,"z":-0.06034954637289047,"w":0.9075453877449036},"size":21.385841369628908,"orthographic":true}